Row Labels,Sum of Quantity
1/2/2021,581
8,4
9,71
10,114
11,142
12,181
13,68
14,1
1/3/2021,564
8,4
9,94
10,94
11,126
12,177
13,69
1/4/2021,315
8,10
9,50
10,42
11,43
12,52
13,52
14,4
17,14
18,20
19,28
1/5/2021,309
8,8
9,30
10,38
11,57
12,63
13,45
14,6
17,20
18,20
19,22
1/7/2021,310
8,5
9,16
10,38
11,79
12,69
13,53
17,4
18,34
19,12
1/8/2021,316
8,25
9,18
10,13
11,30
12,109
13,67
14,2
17,20
18,29
19,3
1/9/2021,394
8,13
9,44
10,42
11,55
12,113
13,64
17,9
18,39
19,15
1/10/2021,473
8,21
9,49
10,80
11,107
12,163
13,53
1/11/2021,291
8,7
9,38
10,45
11,61
12,33
13,48
14,1
17,11
18,32
19,15
1/12/2021,258
8,6
9,32
10,22
11,54
12,63
13,27
14,1
17,15
18,31
19,7
1/14/2021,287
8,11
9,52
10,16
11,41
12,45
13,60
14,1
17,10
18,28
19,23
1/15/2021,322
8,31
9,17
10,46
11,27
12,53
13,61
14,3
17,12
18,46
19,26
1/16/2021,379
8,18
9,27
10,74
11,77
12,69
13,41
14,5
17,36
18,32
1/17/2021,507
8,22
9,63
10,89
11,123
12,125
13,79
14,6
1/18/2021,285
8,20
9,19
10,27
11,56
12,58
13,52
17,29
18,24
1/19/2021,286
8,26
9,26
10,27
11,44
12,67
13,36
14,3
17,28
18,29
1/21/2021,266
8,3
9,15
10,22
11,57
12,46
13,68
14,1
17,29
18,25
1/22/2021,326
8,10
9,46
10,33
11,37
12,72
13,67
17,35
18,26
1/23/2021,363
8,18
9,49
10,43
11,58
12,84
13,48
14,4
17,37
18,22
1/24/2021,488
8,9
9,55
10,72
11,156
12,142
13,52
14,2
1/25/2021,307
8,24
9,43
10,38
11,46
12,51
13,59
17,17
18,29
1/26/2021,305
8,14
9,52
10,34
11,48
12,50
13,45
17,26
18,36
1/28/2021,273
8,16
9,17
10,40
11,41
12,54
13,55
14,2
17,18
18,30
1/29/2021,311
8,22
9,26
10,26
11,29
12,102
13,61
14,7
17,24
18,14
1/30/2021,411
8,8
9,43
10,73
11,90
12,87
13,45
17,23
18,42
1/31/2021,549
8,17
9,46
10,147
11,157
12,147
13,35
2/1/2021,239
8,8
9,30
10,34
11,40
12,41
13,34
17,15
18,37
2/2/2021,268
8,20
9,21
10,28
11,24
12,78
13,47
14,2
17,17
18,31
2/4/2021,318
8,4
9,68
10,26
11,63
12,71
13,48
17,19
18,19
2/5/2021,371
8,32
9,25
10,22
11,69
12,91
13,39
14,5
17,50
18,38
2/6/2021,425
8,8
9,43
10,87
11,81
12,80
13,72
17,32
18,22
2/7/2021,556
8,1
9,91
10,144
11,127
12,153
13,40
2/8/2021,310
8,5
9,33
10,32
11,87
12,58
13,50
17,17
18,28
2/9/2021,340
8,10
9,44
10,33
11,105
12,64
13,27
14,1
17,29
18,27
2/11/2021,262
8,12
9,36
10,45
11,82
12,44
13,23
14,4
17,10
18,6
2/12/2021,292
8,3
9,26
10,20
11,43
12,77
13,47
17,37
18,39
2/13/2021,419
8,11
9,59
10,33
11,126
12,115
13,73
14,2
2/14/2021,709
8,17
9,120
10,130
11,197
12,167
13,78
2/15/2021,329
8,5
9,49
10,44
11,77
12,46
13,56
17,38
18,14
2/16/2021,322
8,18
9,34
10,64
11,42
12,64
13,44
14,2
17,32
18,22
2/18/2021,291
8,6
9,31
10,42
11,72
12,51
13,43
14,9
17,15
18,22
2/19/2021,423
8,21
9,51
10,39
11,61
12,116
13,60
14,1
17,43
18,31
2/20/2021,487
8,13
9,60
10,55
11,98
12,127
13,65
14,7
17,32
18,30
2/21/2021,852
8,1
9,186
10,146
11,247
12,186
13,86
2/22/2021,552
8,19
9,87
10,54
11,73
12,143
13,78
17,36
18,62
2/23/2021,588
8,29
9,112
10,73
11,77
12,132
13,84
14,2
17,50
18,29
2/25/2021,585
8,44
9,84
10,45
11,117
12,131
13,101
14,3
17,34
18,26
2/26/2021,710
8,57
9,65
10,98
11,116
12,171
13,112
14,2
17,49
18,40
2/27/2021,903
8,41
9,89
10,160
11,209
12,188
13,100
14,11
17,49
18,56
2/28/2021,1283
8,42
9,284
10,268
11,306
12,269
13,114
3/1/2021,538
8,13
9,72
10,68
11,110
12,113
13,72
14,5
17,47
18,38
3/2/2021,582
8,24
9,70
10,42
11,151
12,100
13,117
14,10
17,56
18,12
3/4/2021,582
8,14
9,67
10,65
11,107
12,131
13,91
17,66
18,41
3/5/2021,612
8,12
9,88
10,71
11,139
12,155
13,85
17,28
18,34
3/6/2021,724
8,36
9,51
10,140
11,152
12,170
13,89
17,69
18,17
3/7/2021,872
8,18
9,165
10,197
11,198
12,189
13,102
14,3
3/8/2021,391
8,23
9,42
10,31
11,69
12,65
13,66
14,12
17,48
18,35
3/9/2021,435
8,42
9,53
10,48
11,70
12,86
13,60
14,4
17,32
18,40
3/11/2021,432
8,24
9,61
10,69
11,73
12,55
13,70
14,2
17,40
18,38
3/12/2021,493
8,24
9,70
10,50
11,80
12,109
13,70
17,55
18,35
3/13/2021,638
8,10
9,98
10,109
11,107
12,122
13,89
14,5
17,58
18,40
3/14/2021,864
8,31
9,207
10,189
11,191
12,162
13,84
3/15/2021,410
8,30
9,59
10,39
11,64
12,82
13,62
14,4
17,36
18,34
3/16/2021,473
8,9
9,52
10,84
11,65
12,89
13,87
14,15
17,28
18,44
3/18/2021,313
8,24
9,27
10,29
11,80
12,59
13,43
14,2
17,20
18,29
3/19/2021,393
8,45
9,48
10,40
11,60
12,77
13,61
14,2
17,40
18,20
3/20/2021,624
8,48
9,64
10,101
11,132
12,114
13,76
14,1
17,29
18,39
19,20
3/21/2021,759
8,41
9,106
10,162
11,193
12,173
13,84
3/22/2021,397
8,16
9,57
10,44
11,69
12,53
13,80
17,29
18,24
19,25
3/23/2021,346
8,18
9,59
10,44
11,58
12,46
13,42
17,36
18,24
19,19
3/25/2021,404
8,28
9,51
10,38
11,52
12,72
13,58
14,11
17,57
18,21
19,16
3/26/2021,461
8,29
9,39
10,58
11,96
12,74
13,74
14,4
17,43
18,31
19,13
3/27/2021,468
8,31
9,63
10,63
11,80
12,116
13,60
14,15
17,27
18,8
19,5
3/28/2021,727
7,7
8,108
9,155
10,155
11,147
12,155
3/29/2021,390
7,8
8,53
9,27
10,82
11,57
12,92
16,27
17,32
18,12
3/30/2021,466
7,11
8,56
9,64
10,90
11,89
12,70
13,3
16,32
17,27
18,24
4/1/2021,366
7,10
8,36
9,49
10,72
11,72
12,50
13,10
16,27
17,19
18,21
4/2/2021,519
7,15
8,61
9,56
10,86
11,103
12,79
13,1
16,39
17,48
18,31
4/3/2021,747
7,28
8,99
9,152
10,152
11,144
12,80
13,13
16,21
17,24
18,34
4/4/2021,1303
7,31
8,234
9,274
10,309
11,319
12,136
4/5/2021,706
7,17
8,99
9,130
10,211
11,175
12,74
4/6/2021,489
7,14
8,65
9,43
10,62
11,98
12,95
13,14
16,39
17,31
18,28
4/8/2021,446
7,9
8,62
9,43
10,60
11,81
12,103
13,2
16,27
17,36
18,23
4/9/2021,404
7,9
8,39
9,47
10,58
11,89
12,79
13,1
16,37
17,26
18,19
4/10/2021,574
7,16
8,71
9,80
10,86
11,118
12,101
13,4
16,57
17,23
18,18
4/11/2021,739
7,10
8,130
9,114
10,181
11,210
12,94
4/12/2021,486
7,19
8,56
9,41
10,100
11,82
12,106
16,21
17,31
18,30
4/13/2021,505
7,21
8,52
9,65
10,93
11,103
12,79
13,1
16,36
17,17
18,38
4/14/2021,369
7,6
8,43
9,30
10,78
11,54
12,85
13,5
16,9
17,29
18,30
4/15/2021,430
7,10
8,33
9,57
10,48
11,83
12,112
13,9
16,25
17,25
18,28
4/16/2021,542
7,18
8,72
9,56
10,67
11,114
12,68
13,19
16,41
17,42
18,45
4/17/2021,641
7,17
8,100
9,118
10,73
11,119
12,93
13,15
16,30
17,32
18,44
4/18/2021,998
7,54
8,165
9,229
10,278
11,191
12,81
4/19/2021,429
7,19
8,83
9,66
10,106
11,66
12,80
13,9
4/20/2021,572
7,24
8,84
9,56
10,85
11,121
12,103
13,7
16,28
17,41
18,23
4/21/2021,420
7,14
8,67
9,54
10,82
11,79
12,74
13,7
16,8
17,11
18,24
4/22/2021,600
7,22
8,47
9,86
10,121
11,121
12,103
13,3
15,4
16,23
17,45
18,25
4/23/2021,510
7,12
8,59
9,72
10,92
11,105
12,87
13,11
16,34
17,26
18,12
4/24/2021,709
7,69
8,130
9,123
10,119
11,82
12,86
13,8
16,46
17,23
18,23
4/25/2021,964
7,51
8,237
9,154
10,208
11,216
12,94
13,4
4/26/2021,430
7,19
8,87
9,42
10,55
11,60
12,98
13,9
16,15
17,29
18,16
4/27/2021,381
7,35
8,43
9,27
10,56
11,63
12,77
13,9
16,34
17,9
18,28
4/28/2021,399
7,9
8,71
9,32
10,65
11,71
12,76
13,14
15,2
16,10
17,25
18,24
4/29/2021,430
7,30
8,34
9,41
10,69
11,76
12,83
13,17
15,1
16,24
17,35
18,20
4/30/2021,446
7,13
8,51
9,55
10,54
11,87
12,71
13,20
16,36
17,37
18,22
5/1/2021,671
7,37
8,58
9,145
10,151
11,152
12,119
13,9
5/2/2021,868
7,56
8,131
9,160
10,245
11,167
12,109
5/3/2021,489
7,20
8,85
9,49
10,84
11,75
12,72
13,13
16,27
17,34
18,30
5/4/2021,433
7,18
8,56
9,51
10,64
11,87
12,76
13,8
16,11
17,21
18,41
5/5/2021,503
7,15
8,98
9,52
10,72
11,73
12,72
13,23
16,40
17,31
18,27
5/6/2021,428
7,9
8,54
9,65
10,52
11,86
12,38
13,19
16,27
17,34
18,44
5/7/2021,520
7,31
8,44
9,59
10,87
11,111
12,69
13,6
16,72
17,22
18,19
5/8/2021,806
7,33
8,110
9,159
10,215
11,182
12,89
13,18
5/9/2021,1005
7,17
8,215
9,195
10,247
11,271
12,60
5/10/2021,463
7,35
8,40
9,76
10,78
11,98
12,63
13,6
16,17
17,29
18,21
5/11/2021,448
7,10
8,62
9,58
10,83
11,70
12,58
13,10
16,39
17,38
18,20
5/12/2021,645
7,13
8,72
9,78
10,123
11,120
12,105
13,10
16,26
17,43
18,55
5/13/2021,1053
7,41
8,142
9,154
10,320
11,258
12,128
13,10
5/14/2021,1201
7,64
8,261
9,175
10,229
11,286
12,175
13,11
5/15/2021,1304
7,56
8,217
9,261
10,267
11,253
12,153
13,24
16,35
17,16
18,22
5/16/2021,1405
7,74
8,323
9,428
10,277
11,201
12,99
13,3
5/21/2021,363
7,26
8,43
9,34
10,47
11,65
12,58
13,5
16,17
17,30
18,38
5/22/2021,803
7,51
8,141
9,126
10,137
11,147
12,66
13,32
15,3
16,47
17,13
18,36
19,4
5/23/2021,1272
7,44
8,223
9,260
10,232
11,319
12,178
13,16
5/24/2021,1003
7,32
8,133
9,230
10,211
11,290
12,98
13,9
5/25/2021,486
7,34
8,59
9,63
10,92
11,99
12,56
13,6
16,25
17,24
18,28
5/26/2021,337
7,8
8,23
9,32
10,50
11,73
12,75
13,9
16,20
17,22
18,24
19,1
5/27/2021,412
7,11
8,68
9,50
10,57
11,74
12,60
13,3
16,11
17,43
18,34
19,1
5/28/2021,475
7,14
8,34
9,68
10,65
11,102
12,76
13,15
16,24
17,39
18,38
5/29/2021,686
7,34
8,83
9,131
10,120
11,152
12,66
13,23
16,29
17,19
18,29
5/30/2021,966
7,31
8,206
9,226
10,213
11,195
12,92
13,3
5/31/2021,424
7,8
8,67
9,38
10,92
11,52
12,70
13,13
16,29
17,24
18,31
6/1/2021,414
7,6
8,75
9,44
10,93
11,52
12,64
13,9
16,16
17,26
18,29
6/2/2021,356
7,31
8,28
9,41
10,53
11,46
12,78
13,12
16,19
17,24
18,24
6/3/2021,361
7,6
8,61
9,31
10,51
11,70
12,63
13,8
16,16
17,37
18,18
6/4/2021,525
7,9
8,28
9,101
10,85
11,86
12,103
13,15
15,6
16,26
17,43
18,23
6/5/2021,663
7,32
8,111
9,134
10,128
11,107
12,41
13,19
15,7
16,22
17,35
18,26
19,1
6/6/2021,999
7,44
8,180
9,261
10,244
11,175
12,95
6/7/2021,415
7,24
8,46
9,33
10,62
11,69
12,58
13,10
16,44
17,44
18,25
6/8/2021,459
7,20
8,70
9,56
10,65
11,77
12,72
13,12
16,25
17,30
18,32
6/9/2021,402
7,47
8,60
9,63
10,55
11,68
12,47
13,10
16,17
17,13
18,22
6/10/2021,397
7,24
8,37
9,48
10,69
11,79
12,52
13,6
16,34
17,22
18,24
19,2
6/11/2021,462
7,29
8,74
9,55
10,78
11,82
12,64
13,15
16,25
17,32
18,8
6/12/2021,642
7,32
8,167
9,96
10,118
11,134
12,83
13,12
6/13/2021,1063
7,39
8,214
9,304
10,276
11,137
12,87
13,6
6/14/2021,480
7,13
8,87
9,94
10,71
11,59
12,68
13,7
15,4
16,21
17,25
18,31
6/15/2021,451
7,10
8,108
9,40
10,65
11,80
12,67
13,10
16,25
17,25
18,19
19,2
6/16/2021,434
7,17
8,51
9,82
10,78
11,77
12,57
13,5
16,29
17,9
18,29
6/17/2021,378
7,19
8,38
9,56
10,50
11,87
12,54
13,12
16,16
17,24
18,16
19,6
6/18/2021,438
7,3
8,64
9,39
10,48
11,85
12,83
13,7
16,29
17,48
18,32
6/19/2021,654
7,38
8,72
9,125
10,153
11,91
12,76
13,4
16,12
17,24
18,58
19,1
6/20/2021,1004
7,30
8,211
9,211
10,225
11,234
12,89
13,4
6/21/2021,501
7,27
8,51
9,49
10,72
11,96
12,72
13,31
15,4
16,31
17,35
18,33
6/22/2021,445
7,4
8,58
9,30
10,43
11,71
12,66
13,23
16,84
17,45
18,21
6/23/2021,386
7,8
8,35
9,39
10,52
11,70
12,76
13,13
16,25
17,41
18,27
6/24/2021,513
7,12
8,43
9,94
10,62
11,89
12,73
13,18
16,29
17,64
18,26
19,3
6/25/2021,488
8,74
9,49
10,66
11,119
12,83
13,5
15,3
16,39
17,31
18,19
6/26/2021,663
7,43
8,81
9,122
10,122
11,117
12,71
13,14
16,24
17,40
18,29
6/27/2021,1092
7,65
8,189
9,199
10,255
11,254
12,124
13,6
6/28/2021,444
7,27
8,60
9,67
10,70
11,36
12,70
13,19
16,25
17,39
18,31
6/29/2021,415
7,12
8,44
9,64
10,67
11,47
12,92
13,12
16,19
17,25
18,33
6/30/2021,425
7,3
8,39
9,42
10,69
11,69
12,95
13,14
16,37
17,30
18,27
7/1/2021,553
7,27
8,94
9,70
10,75
11,65
12,82
13,12
16,11
17,102
18,11
19,4
7/2/2021,455
7,31
8,75
9,51
10,52
11,94
12,41
13,26
16,30
17,27
18,28
7/3/2021,759
7,15
8,89
9,155
10,180
11,68
12,100
13,27
15,7
16,49
17,38
18,23
19,8
7/4/2021,982
7,35
8,158
9,196
10,213
11,224
12,147
13,9
7/5/2021,582
7,21
8,61
9,92
10,103
11,131
12,74
13,6
16,16
17,44
18,33
19,1
7/6/2021,556
7,31
8,61
9,59
10,60
11,125
12,95
13,21
16,36
17,35
18,31
19,2
7/7/2021,564
7,25
8,70
9,105
10,84
11,89
12,71
13,9
15,1
16,37
17,26
18,44
19,3
7/8/2021,605
7,22
8,74
9,81
10,95
11,120
12,93
13,12
16,26
17,50
18,22
19,10
7/9/2021,699
7,18
8,82
9,91
10,108
11,168
12,96
13,18
16,37
17,37
18,42
19,2
7/10/2021,956
7,70
8,97
9,149
10,137
11,193
12,146
13,45
16,32
17,55
18,32
7/11/2021,1367
7,45
8,210
9,307
10,259
11,311
12,222
13,13
7/12/2021,953
7,45
8,166
9,70
10,124
11,181
12,169
13,27
16,36
17,53
18,62
19,20
7/13/2021,841
7,48
8,93
9,107
10,161
11,132
12,130
13,10
16,64
17,51
18,37
19,8
7/14/2021,1145
7,23
8,213
9,241
10,254
11,233
12,173
13,8
7/15/2021,976
7,28
8,154
9,142
10,173
11,143
12,162
13,23
16,54
17,45
18,45
19,7
7/16/2021,890
7,7
8,154
9,116
10,178
11,141
12,142
13,23
15,1
16,35
17,37
18,46
19,10
7/17/2021,1250
7,74
8,234
9,177
10,224
11,196
12,149
13,25
15,3
16,52
17,62
18,38
19,16
7/18/2021,1243
7,47
8,311
9,313
10,274
11,146
12,144
13,8
7/19/2021,982
7,75
8,215
9,113
10,136
11,165
12,160
13,25
16,16
17,24
18,40
19,13
7/20/2021,928
7,61
8,179
9,156
10,154
11,145
12,90
13,47
16,23
17,21
18,41
19,11
7/21/2021,873
7,48
8,111
9,131
10,142
11,179
12,114
13,24
16,30
17,49
18,31
19,14
7/22/2021,898
7,47
8,153
9,150
10,105
11,176
12,100
13,8
16,43
17,52
18,50
19,14
7/23/2021,947
7,63
8,130
9,179
10,118
11,193
12,111
13,19
16,40
17,37
18,40
19,17
7/24/2021,1191
7,72
8,230
9,225
10,159
11,167
12,150
13,20
16,71
17,49
18,41
19,7
7/25/2021,1387
7,81
8,279
9,256
10,274
11,346
12,141
13,10
7/26/2021,1003
7,42
8,149
9,115
10,187
11,100
12,150
13,47
16,50
17,68
18,82
19,13
7/27/2021,877
7,39
8,121
9,86
10,173
11,183
12,124
13,29
16,27
17,54
18,15
19,26
7/28/2021,926
7,69
8,134
9,124
10,157
11,142
12,109
13,31
16,39
17,60
18,46
19,15
7/29/2021,887
7,44
8,111
9,131
10,134
11,156
12,133
13,32
16,36
17,43
18,55
19,12
7/30/2021,962
7,81
8,118
9,98
10,114
11,157
12,134
13,31
16,66
17,112
18,39
19,12
7/31/2021,1100
7,76
8,118
9,190
10,171
11,209
12,131
13,17
15,5
16,28
17,55
18,86
19,14
8/1/2021,1330
7,53
8,286
9,265
10,242
11,321
12,163
8/2/2021,1048
7,45
8,142
9,247
10,207
11,195
12,200
13,12
8/3/2021,1166
7,51
8,190
9,169
10,167
11,228
12,111
13,29
16,82
17,47
18,77
19,15
8/4/2021,909
7,21
8,92
9,151
10,152
11,149
12,164
13,32
16,54
17,54
18,27
19,13
8/5/2021,1003
7,42
8,158
9,122
10,117
11,214
12,172
13,26
16,46
17,50
18,42
19,14
8/6/2021,949
7,67
8,112
9,95
10,135
11,176
12,129
13,44
16,49
17,48
18,78
19,16
8/7/2021,1187
7,78
8,145
9,142
10,208
11,183
12,192
13,45
16,51
17,52
18,65
19,26
8/8/2021,1490
7,69
8,250
9,287
10,360
11,279
12,233
13,12
8/9/2021,1218
7,54
8,288
9,130
10,194
11,210
12,173
13,31
16,40
17,62
18,36
8/10/2021,1051
7,47
8,189
9,178
10,146
11,199
12,106
13,31
16,44
17,43
18,51
19,17
8/11/2021,1181
7,27
8,173
9,260
10,144
11,136
12,182
13,25
16,71
17,65
18,80
19,18
8/12/2021,1280
7,70
8,171
9,209
10,256
11,217
12,126
13,27
16,51
17,63
18,62
19,28
8/13/2021,1028
7,58
8,160
9,181
10,171
11,161
12,115
13,38
16,31
17,40
18,55
19,18
8/14/2021,1350
7,86
8,245
9,285
10,214
11,197
12,131
13,27
15,1
16,31
17,52
18,74
19,7
8/15/2021,1725
7,57
8,338
9,352
10,453
11,312
12,198
13,15
8/16/2021,1160
7,49
8,147
9,144
10,212
11,190
12,167
13,24
16,16
17,62
18,99
19,50
8/17/2021,917
7,36
8,164
9,126
10,144
11,137
12,128
13,25
15,6
16,46
17,39
18,38
19,28
8/18/2021,1090
7,62
8,192
9,118
10,190
11,179
12,145
13,29
16,29
17,69
18,61
19,16
8/19/2021,1047
7,42
8,144
9,153
10,164
11,210
12,149
13,24
16,51
17,45
18,46
19,19
8/20/2021,885
7,35
8,119
9,110
10,163
11,172
12,111
13,28
16,29
17,47
18,53
19,18
8/21/2021,1255
7,47
8,175
9,224
10,188
11,267
12,161
13,33
16,59
17,53
18,34
19,14
8/22/2021,1365
7,68
8,297
9,264
10,246
11,275
12,200
13,15
8/23/2021,916
7,53
8,76
9,182
10,156
11,154
12,133
13,12
16,45
17,25
18,70
19,10
8/24/2021,911
7,36
8,163
9,123
10,153
11,132
12,137
13,29
16,34
17,51
18,43
19,10
8/25/2021,801
7,25
8,92
9,83
10,125
11,171
12,126
13,28
15,2
16,33
17,41
18,53
19,22
8/26/2021,960
7,46
8,142
9,167
10,168
11,143
12,128
13,13
15,2
16,23
17,56
18,40
19,32
8/27/2021,737
7,55
8,75
9,94
10,141
11,108
12,109
13,36
16,23
17,48
18,44
19,4
8/28/2021,965
7,52
8,148
9,137
10,120
11,183
12,165
13,22
16,34
17,52
18,48
19,4
8/29/2021,1174
7,69
8,179
9,240
10,231
11,294
12,142
13,19
8/30/2021,673
7,19
8,94
9,68
10,167
11,114
12,91
13,13
16,26
17,32
18,45
19,4
8/31/2021,557
7,16
8,116
9,71
10,96
11,94
12,57
13,13
16,25
17,27
18,28
19,14
9/1/2021,479
7,2
8,61
9,87
10,65
11,102
12,75
13,4
16,18
17,31
18,27
19,7
9/2/2021,501
7,21
8,73
9,97
10,80
11,90
12,80
13,13
16,7
17,12
18,22
19,6
9/3/2021,579
7,19
8,74
9,61
10,105
11,113
12,86
13,9
16,29
17,30
18,29
19,24
9/4/2021,796
7,17
8,147
9,180
10,144
11,157
12,85
13,17
16,17
17,9
18,19
19,4
9/5/2021,953
7,44
8,156
9,211
10,218
11,203
12,121
9/6/2021,482
7,18
8,92
9,70
10,73
11,88
12,44
13,16
15,2
16,17
17,28
18,34
9/7/2021,493
7,18
8,100
9,69
10,64
11,69
12,53
13,14
16,22
17,40
18,44
9/8/2021,478
7,25
8,47
9,40
10,79
11,88
12,85
13,15
16,12
17,34
18,50
19,3
9/9/2021,484
7,11
8,61
9,104
10,79
11,86
12,75
16,10
17,31
18,27
9/10/2021,472
7,24
8,25
9,74
10,57
11,122
12,71
13,13
16,27
17,34
18,25
9/11/2021,697
7,15
8,121
9,124
10,130
11,96
12,107
13,21
16,18
17,31
18,30
19,4
9/12/2021,938
7,8
8,193
9,234
10,209
11,184
12,109
13,1
9/13/2021,500
7,16
8,61
9,49
10,90
11,94
12,91
13,18
15,1
16,22
17,37
18,17
19,4
9/14/2021,387
7,10
8,54
9,52
10,66
11,57
12,63
13,9
16,17
17,18
18,41
9/15/2021,382
7,4
8,57
9,53
10,47
11,77
12,58
13,11
16,17
17,38
18,19
19,1
9/16/2021,378
7,11
8,71
9,54
10,62
11,53
12,67
13,13
16,17
17,21
18,7
19,2
9/17/2021,392
7,33
8,44
9,41
10,47
11,84
12,76
13,15
16,18
17,23
18,11
9/18/2021,638
7,16
8,74
9,118
10,127
11,122
12,85
13,9
16,41
17,29
18,15
19,2
9/19/2021,729
7,3
8,131
9,135
10,163
11,178
12,116
13,3
9/20/2021,474
7,10
8,91
9,35
10,95
11,61
12,71
13,4
15,2
16,30
17,31
18,43
19,1
9/21/2021,440
7,2
8,78
9,59
10,65
11,92
12,71
13,1
15,5
16,12
17,26
18,28
19,1
9/22/2021,74
16,15
17,28
18,25
19,6
9/23/2021,372
7,8
8,61
9,66
10,52
11,60
12,51
13,6
16,17
17,23
18,27
19,1
9/24/2021,451
7,13
8,54
9,45
10,69
11,97
12,69
13,6
15,2
16,45
17,38
18,13
9/25/2021,666
7,14
8,86
9,128
10,125
11,102
12,101
13,21
16,11
17,21
18,53
19,4
9/26/2021,750
7,23
8,83
9,160
10,162
11,222
12,100
9/27/2021,317
7,8
8,41
9,44
10,40
11,50
12,43
13,5
16,23
17,20
18,43
9/28/2021,323
7,12
8,28
9,56
10,62
11,61
12,54
13,6
16,23
17,15
18,4
19,2
9/29/2021,325
7,21
8,31
9,33
10,48
11,74
12,68
13,7
16,8
17,13
18,20
19,2
9/30/2021,326
7,9
8,31
9,70
10,63
11,41
12,52
13,1
16,20
17,20
18,17
19,2
10/1/2021,385
7,17
8,33
9,34
10,44
11,89
12,72
13,11
16,42
17,18
18,25
10/2/2021,464
7,8
8,78
9,66
10,77
11,122
12,66
13,1
16,18
17,26
18,2
10/3/2021,637
7,7
8,91
9,138
10,162
11,177
12,59
13,3
10/4/2021,360
7,4
8,50
9,38
10,57
11,53
12,69
13,3
16,23
17,28
18,35
10/5/2021,314
7,2
8,38
9,33
10,62
11,53
12,58
13,3
16,39
17,6
18,15
19,5
10/6/2021,342
7,10
8,47
9,37
10,57
11,34
12,71
16,39
17,33
18,14
10/7/2021,415
7,19
8,42
9,100
10,56
11,59
12,47
13,2
16,30
17,40
18,18
19,2
10/8/2021,469
7,18
8,53
9,59
10,72
11,76
12,74
13,5
16,54
17,40
18,18
10/9/2021,585
7,25
8,60
9,85
10,126
11,126
12,66
13,22
16,30
17,10
18,35
10/10/2021,770
7,3
8,128
9,142
10,216
11,157
12,124
10/11/2021,318
7,14
8,62
9,39
10,36
11,47
12,63
13,1
16,6
17,29
18,21
10/12/2021,241
7,7
8,23
9,34
10,33
11,47
12,45
16,21
17,19
18,12
10/13/2021,288
7,8
8,24
9,54
10,21
11,52
12,75
13,2
16,13
17,23
18,16
10/14/2021,299
7,3
8,38
9,41
10,36
11,52
12,49
13,9
16,22
17,16
18,29
19,4
10/15/2021,303
8,46
9,26
10,40
11,41
12,80
16,27
17,30
18,13
10/16/2021,508
7,8
8,43
9,78
10,74
11,138
12,99
16,8
17,27
18,30
19,3
10/17/2021,691
7,13
8,140
9,137
10,136
11,150
12,112
13,3
10/18/2021,289
7,2
8,28
9,31
10,44
11,81
12,53
16,14
17,19
18,15
19,2
10/19/2021,366
7,13
8,59
9,28
10,42
11,54
12,68
13,8
16,47
17,22
18,25
10/20/2021,315
7,11
8,30
9,54
10,36
11,57
12,66
13,1
16,37
17,8
18,15
10/21/2021,378
7,14
8,36
9,60
10,85
11,55
12,54
13,6
16,26
17,32
18,10
10/22/2021,379
7,20
8,46
9,25
10,55
11,66
12,81
13,11
16,23
17,25
18,27
10/23/2021,616
7,36
8,79
9,103
10,106
11,109
12,94
13,3
16,28
17,41
18,15
19,2
10/24/2021,835
7,24
8,141
9,186
10,226
11,200
12,58
10/25/2021,459
7,3
8,56
9,58
10,53
11,88
12,115
13,12
16,26
17,29
18,19
10/26/2021,532
7,22
8,47
9,56
10,104
11,79
12,101
13,1
16,39
17,51
18,30
19,2
10/27/2021,517
7,26
8,56
9,79
10,104
11,71
12,95
13,6
16,20
17,27
18,33
10/28/2021,510
7,10
8,33
9,56
10,104
11,118
12,97
13,5
16,30
17,23
18,34
10/29/2021,550
7,11
8,84
9,69
10,68
11,118
12,95
13,12
16,30
17,27
18,30
19,6
10/30/2021,770
7,3
8,102
9,117
10,173
11,160
12,120
13,7
16,33
17,17
18,34
19,4
10/31/2021,1066
8,58
9,221
10,295
11,286
12,206
11/1/2021,932
8,25
9,131
10,223
11,214
12,221
13,116
14,2
11/2/2021,529
8,16
9,75
10,73
11,61
12,141
13,77
14,16
17,24
18,24
19,20
20,2
11/3/2021,522
8,9
9,43
10,86
11,102
12,100
13,115
14,4
17,17
18,17
19,26
20,3
11/4/2021,471
8,6
9,59
10,56
11,87
12,102
13,76
14,13
17,24
18,28
19,20
20,0
11/5/2021,496
8,9
9,71
10,69
11,75
12,96
13,89
14,7
17,30
18,22
19,28
11/6/2021,570
8,9
9,99
10,108
11,100
12,104
13,81
17,27
18,23
19,19
11/7/2021,563
8,24
9,125
10,96
11,155
12,115
13,41
14,7
11/8/2021,379
8,1
9,44
10,123
11,40
12,52
13,56
14,2
17,32
18,14
19,13
20,2
11/9/2021,346
8,12
9,44
10,62
11,26
12,46
13,75
14,6
17,25
18,29
19,21
11/10/2021,358
8,13
9,32
10,27
11,68
12,62
13,69
14,5
17,21
18,48
19,13
11/11/2021,518
8,4
9,109
10,90
11,126
12,122
13,66
14,1
11/12/2021,332
8,11
9,55
10,34
11,55
12,116
16,7
17,45
18,9
11/13/2021,419
7,11
8,56
9,66
10,62
11,78
12,88
13,1
16,15
17,34
18,8
11/14/2021,630
7,27
8,104
9,157
10,157
11,121
12,64
11/15/2021,283
7,5
8,43
9,22
10,41
11,73
12,52
13,5
16,12
17,18
18,12
11/16/2021,253
7,4
8,33
9,25
10,36
11,41
12,55
16,25
17,21
18,13
11/18/2021,284
7,3
8,48
9,49
10,30
11,34
12,65
16,16
17,19
18,20
11/19/2021,326
7,20
8,45
9,24
10,32
11,64
12,81
16,33
17,15
18,12
11/20/2021,398
7,9
8,30
9,89
10,97
11,57
12,75
13,5
16,22
17,8
18,6
11/21/2021,524
7,16
8,73
9,111
10,136
11,122
12,65
13,1
11/22/2021,261
7,24
8,13
9,28
10,41
11,52
12,53
13,1
16,28
17,18
18,3
11/23/2021,267
7,2
8,29
9,18
10,47
11,53
12,58
13,5
16,19
17,30
18,6
11/25/2021,310
7,12
8,18
9,27
10,47
11,76
12,43
16,35
17,40
18,12
11/26/2021,263
7,11
8,19
9,19
10,25
11,68
12,71
13,1
16,22
17,17
18,10
11/27/2021,360
7,2
8,30
9,69
10,63
11,99
12,53
15,3
16,26
17,6
18,9
11/28/2021,587
7,17
8,120
9,122
10,117
11,130
12,81
11/29/2021,280
7,2
8,39
9,25
10,46
11,40
12,47
16,34
17,45
18,2
11/30/2021,312
7,6
8,56
9,56
10,56
11,53
12,47
15,1
16,6
17,19
18,12
12/2/2021,240
7,4
8,41
9,27
10,50
11,34
12,42
16,15
17,23
18,4
12/3/2021,289
7,7
8,74
9,24
10,35
11,51
12,35
16,33
17,20
18,10
12/4/2021,318
7,3
8,41
9,52
10,60
11,64
12,44
15,5
16,30
17,13
18,6
12/5/2021,581
7,22
8,105
9,106
10,157
11,131
12,60
12/9/2021,244
7,21
8,17
9,56
10,28
11,35
12,33
15,1
16,13
17,27
18,13
12/10/2021,270
7,7
8,18
9,33
10,31
11,74
12,43
16,20
17,40
18,4
12/11/2021,366
7,6
8,47
9,82
10,49
11,86
12,43
16,13
17,34
18,6
12/12/2021,556
7,12
8,79
9,127
10,154
11,132
12,52
12/13/2021,289
7,17
8,18
9,24
10,57
11,54
12,65
16,29
17,22
18,3
12/14/2021,288
7,13
8,33
9,26
10,43
11,43
12,65
16,35
17,21
18,9
12/16/2021,309
7,9
8,40
9,36
10,44
11,71
12,43
16,31
17,31
18,4
12/17/2021,399
7,32
8,64
9,41
10,37
11,68
12,61
16,67
17,25
18,4
12/18/2021,414
7,12
8,38
9,42
10,70
11,112
12,53
13,1
16,22
17,46
18,18
12/19/2021,594
7,29
8,141
9,77
10,142
11,131
12,72
13,2
12/20/2021,392
7,7
8,45
9,51
10,70
11,69
12,70
16,39
17,35
18,6
12/21/2021,433
7,22
8,62
9,50
10,81
11,82
12,66
13,1
16,29
17,27
18,13
12/22/2021,370
7,4
8,36
9,38
10,98
11,81
12,48
16,26
17,33
18,6
12/23/2021,450
7,17
8,27
9,65
10,83
11,91
12,73
16,35
17,35
18,24
12/24/2021,1042
7,8
8,84
9,175
10,275
11,204
12,111
13,13
16,122
17,47
18,3
12/25/2021,656
7,12
8,127
9,171
10,116
11,164
12,66
12/26/2021,735
7,14
8,114
9,119
10,181
11,228
12,77
13,2
12/27/2021,506
8,64
9,99
10,114
11,94
12,59
13,2
16,32
17,27
18,15
12/28/2021,524
7,11
8,49
9,101
10,107
11,106
12,76
16,29
17,37
18,8
12/29/2021,458
8,27
9,121
10,47
11,89
12,86
16,37
17,43
18,8
12/30/2021,492
7,23
8,50
9,74
10,73
11,103
12,59
13,4
16,39
17,49
18,18
12/31/2021,923
7,26
8,75
9,179
10,167
11,211
12,131
13,7
16,88
17,38
18,1
1/2/2022,879
7,29
8,122
9,176
10,182
11,217
12,153
1/3/2022,357
7,12
8,38
9,49
10,61
11,105
12,43
16,24
17,19
18,6
1/4/2022,67
16,34
17,27
18,6
1/6/2022,324
7,3
8,27
9,34
10,65
11,76
12,40
16,49
17,19
18,11
1/7/2022,285
7,5
8,16
9,26
10,59
11,34
12,55
16,47
17,34
18,9
1/8/2022,311
7,5
8,20
9,31
10,74
11,63
12,56
16,33
17,9
18,20
1/9/2022,482
7,16
8,62
9,97
10,121
11,122
12,64
1/10/2022,258
8,29
9,32
10,42
11,51
12,49
13,1
16,12
17,40
18,2
1/11/2022,280
7,4
8,30
9,36
10,47
11,63
12,34
13,1
15,2
16,24
17,19
18,20
1/13/2022,232
7,1
8,35
9,41
10,38
11,34
12,56
16,7
17,14
18,6
1/14/2022,297
8,49
9,15
10,39
11,42
12,56
13,4
16,35
17,44
18,13
1/15/2022,313
7,10
8,23
9,43
10,72
11,79
12,44
13,5
16,15
17,20
18,2
1/16/2022,489
7,16
8,96
9,86
10,110
11,136
12,44
13,1
1/17/2022,286
7,8
8,18
9,21
10,47
11,76
12,48
13,4
16,25
17,25
18,14
1/18/2022,255
7,5
8,28
9,17
10,41
11,45
12,48
16,38
17,26
18,7
1/20/2022,303
7,8
8,43
9,23
10,50
11,85
12,57
16,10
17,23
18,4
1/21/2022,303
7,10
8,41
9,11
10,36
11,73
12,44
16,44
17,37
18,7
1/22/2022,353
7,7
8,28
9,58
10,59
11,73
12,63
16,18
17,40
18,7
1/23/2022,544
7,8
8,91
9,76
10,144
11,166
12,57
13,2
1/24/2022,266
8,13
9,26
10,40
11,54
12,46
13,1
16,35
17,43
18,8
1/25/2022,283
7,2
8,30
9,30
10,46
11,44
12,45
15,2
16,39
17,32
18,13
1/27/2022,358
7,5
8,38
9,31
10,55
11,64
12,64
16,51
17,31
18,19
1/28/2022,279
7,25
8,48
9,17
10,57
11,41
12,45
13,1
16,19
17,18
18,8
1/29/2022,345
7,4
8,51
9,61
10,71
11,65
12,39
16,24
17,14
18,16
1/30/2022,532
7,12
8,90
9,90
10,144
11,144
12,52
1/31/2022,271
7,16
8,32
9,22
10,32
11,56
12,47
16,30
17,17
18,19
2/1/2022,258
7,5
8,28
9,22
10,64
11,49
12,30
16,23
17,29
18,8
2/3/2022,294
7,22
8,24
9,28
10,58
11,33
12,48
16,33
17,19
18,29
2/4/2022,270
7,10
8,13
9,18
10,59
11,60
12,71
16,7
17,23
18,9
2/5/2022,350
7,10
8,29
9,35
10,70
11,81
12,53
16,45
17,17
18,10
2/6/2022,603
7,28
8,81
9,131
10,131
11,175
12,54
13,3
2/7/2022,329
7,5
8,32
9,31
10,49
11,80
12,50
13,4
16,32
17,27
18,19
2/8/2022,356
7,5
8,32
9,39
10,64
11,88
12,47
13,3
16,33
17,35
18,10
2/10/2022,356
7,11
8,14
9,66
10,51
11,85
12,55
13,1
16,33
17,33
18,7
2/11/2022,345
7,6
8,34
9,26
10,62
11,75
12,80
13,1
16,32
17,20
18,9
2/12/2022,456
7,5
8,28
9,52
10,94
11,116
12,90
13,13
15,2
16,24
17,22
18,10
2/13/2022,704
7,21
8,103
9,122
10,228
11,147
12,83
2/14/2022,412
7,8
8,39
9,43
10,80
11,81
12,59
16,48
17,39
18,15
2/15/2022,536
7,19
8,94
9,61
10,74
11,82
12,99
13,3
16,45
17,50
18,9
2/17/2022,469
7,23
8,24
9,48
10,79
11,90
12,85
13,7
16,55
17,38
18,20
2/18/2022,515
7,21
8,54
9,75
10,79
11,120
12,88
13,2
16,23
17,24
18,29
2/19/2022,601
7,4
8,78
9,90
10,101
11,138
12,84
16,43
17,43
18,20
2/20/2022,858
7,40
8,182
9,192
10,180
11,183
12,81
2/21/2022,387
7,17
8,43
9,42
10,71
11,79
12,58
16,29
17,19
18,29
2/22/2022,419
7,9
8,27
9,56
10,90
11,79
12,49
16,28
17,41
18,39
19,1
2/24/2022,487
7,21
8,42
9,49
10,92
11,87
12,77
13,2
16,48
17,30
18,27
19,12
2/25/2022,520
7,32
8,37
9,45
10,96
11,97
12,73
13,8
16,40
17,67
18,25
2/26/2022,656
7,26
8,66
9,110
10,124
11,133
12,94
13,4
16,30
17,32
18,37
2/27/2022,948
7,29
8,192
9,141
10,290
11,224
12,72
2/28/2022,402
7,4
8,38
9,22
10,62
11,57
12,104
16,20
17,54
18,41
3/1/2022,474
7,11
8,53
9,36
10,97
11,92
12,68
13,6
16,33
17,54
18,22
19,2
3/2/2022,355
7,26
8,22
9,24
10,53
11,85
12,47
13,2
16,35
17,38
18,23
3/3/2022,357
7,13
8,36
9,54
10,56
11,60
12,50
13,2
15,2
16,38
17,33
18,13
3/4/2022,441
7,4
8,55
9,45
10,90
11,82
12,64
16,33
17,32
18,35
19,1
3/5/2022,602
7,18
8,62
9,94
10,102
11,128
12,115
13,2
16,17
17,37
18,27
3/6/2022,800
7,23
8,125
9,224
10,176
11,182
12,70
3/7/2022,400
7,13
8,46
9,48
10,59
11,88
12,68
13,4
16,15
17,37
18,22
3/8/2022,331
7,20
8,46
9,42
10,64
11,58
12,46
13,2
16,25
17,7
18,21
3/9/2022,233
7,15
8,20
9,51
10,38
11,28
12,48
13,2
16,8
17,20
18,3
3/10/2022,248
7,12
8,19
9,26
10,26
11,55
12,39
13,3
16,27
17,16
18,25
3/11/2022,270
8,22
9,42
10,33
11,51
12,43
16,41
17,17
18,21
3/12/2022,347
7,5
8,63
9,38
10,81
11,59
12,46
16,7
17,17
18,31
3/13/2022,609
7,18
8,101
9,80
10,192
11,151
12,66
13,1
3/14/2022,317
7,17
8,26
9,13
10,58
11,74
12,58
13,10
16,27
17,24
18,10
3/15/2022,291
7,22
8,39
9,30
10,38
11,45
12,55
13,3
15,3
16,20
17,21
18,15
3/16/2022,211
8,38
9,15
10,27
11,62
12,35
16,6
17,22
18,6
3/17/2022,254
7,11
8,43
9,26
10,46
11,51
12,54
16,12
17,7
18,4
3/18/2022,295
7,18
8,55
9,17
10,40
11,50
12,39
16,28
17,24
18,24
3/19/2022,416
7,14
8,91
9,38
10,59
11,71
12,53
16,18
17,22
18,50
3/20/2022,693
7,27
8,207
9,75
10,124
11,166
12,91
13,3
3/21/2022,353
7,28
8,45
9,43
10,55
11,60
12,56
16,22
17,25
18,18
19,1
3/22/2022,318
7,12
8,35
9,35
10,38
11,65
12,58
13,1
16,19
17,34
18,20
19,1
3/23/2022,279
7,23
8,24
9,22
10,61
11,45
12,60
16,11
17,27
18,6
3/24/2022,270
7,19
8,23
9,25
10,62
11,40
12,53
15,4
16,9
17,18
18,17
3/25/2022,325
7,23
8,47
9,33
10,64
11,37
12,51
16,38
17,11
18,21
3/26/2022,530
7,9
8,62
9,89
10,121
11,111
12,59
16,30
17,33
18,16
3/27/2022,649
7,21
8,72
9,119
10,150
11,205
12,77
13,5
3/28/2022,337
7,14
8,32
9,19
10,51
11,88
12,50
13,2
16,23
17,39
18,19
3/29/2022,311
7,4
8,26
9,23
10,42
11,88
12,63
13,1
16,23
17,22
18,19
3/30/2022,224
7,3
8,32
9,29
10,18
11,57
12,24
13,1
16,13
17,30
18,15
19,2
3/31/2022,249
7,4
8,28
9,22
10,11
11,60
12,42
16,29
17,37
18,16
4/1/2022,349
7,20
8,48
9,32
10,56
11,50
12,62
16,38
17,22
18,21
4/2/2022,396
8,47
9,73
10,77
11,103
12,47
13,7
16,12
17,23
18,7
4/3/2022,568
7,8
8,107
9,83
10,157
11,168
12,45
4/4/2022,298
7,9
8,25
9,45
10,42
11,57
12,60
16,18
17,22
18,20
4/5/2022,337
7,16
8,41
9,31
10,70
11,77
12,47
16,22
17,22
18,11
4/6/2022,255
7,4
8,31
9,33
10,43
11,46
12,54
16,25
17,11
18,8
4/7/2022,319
7,23
8,41
9,41
10,27
11,58
12,55
16,14
17,38
18,22
4/8/2022,255
7,9
8,37
9,25
10,24
11,46
12,50
13,2
16,23
17,18
18,21
4/9/2022,426
7,40
8,29
9,87
10,51
11,107
12,58
13,7
16,8
17,27
18,12
4/10/2022,641
7,16
8,129
9,149
10,148
11,127
12,72
4/11/2022,438
7,9
8,36
9,53
10,69
11,86
12,97
13,2
16,19
17,34
18,28
19,5
4/12/2022,344
7,4
8,42
9,50
10,41
11,70
12,60
13,1
16,21
17,33
18,19
19,3
4/13/2022,330
7,14
8,25
9,57
10,22
11,57
12,76
16,26
17,22
18,31
4/14/2022,409
7,5
8,38
9,59
10,68
11,79
12,57
13,10
15,4
16,28
17,35
18,26
4/15/2022,497
7,3
8,78
9,46
10,94
11,72
12,100
16,25
17,47
18,26
19,6
4/16/2022,951
7,17
8,140
9,205
10,177
11,173
12,108
16,35
17,55
18,39
19,2
4/17/2022,826
7,46
8,312
9,200
11,203
12,65
4/18/2022,1063
7,16
8,253
9,225
10,227
11,236
12,106
4/19/2022,525
7,7
8,107
9,65
10,73
11,93
12,90
13,20
16,22
17,25
18,23
4/20/2022,472
7,14
8,37
9,58
10,100
11,111
12,92
13,1
16,13
17,20
18,26
4/21/2022,677
7,23
8,97
9,107
10,110
11,148
12,106
13,3
15,2
16,28
17,29
18,24
4/22/2022,529
7,23
8,77
9,50
10,113
11,98
12,83
13,1
16,25
17,30
18,27
19,2
4/23/2022,494
7,32
8,73
9,53
10,73
11,116
12,74
13,2
16,13
17,38
18,20
4/24/2022,711
7,17
8,154
9,171
10,156
11,153
12,60
4/25/2022,428
7,13
8,40
9,26
10,74
11,82
12,74
13,1
16,50
17,38
18,30
4/26/2022,333
7,26
8,26
9,30
10,50
11,74
12,61
16,28
17,18
18,20
4/27/2022,445
7,23
8,41
9,70
10,63
11,96
12,75
13,1
16,15
17,42
18,19
4/28/2022,387
7,13
8,41
9,44
10,80
11,87
12,44
13,1
16,33
17,26
18,17
19,1
4/29/2022,439
7,31
8,55
9,79
10,86
11,77
12,49
16,12
17,33
18,17
4/30/2022,783
7,61
8,118
9,111
10,120
11,150
12,124
16,29
17,42
18,28
5/1/2022,1007
7,64
8,159
9,237
10,255
11,192
12,100
5/2/2022,553
7,13
8,65
9,55
10,114
11,92
12,91
13,1
16,43
17,38
18,41
5/3/2022,402
7,4
8,52
9,50
10,61
11,81
12,82
13,1
16,13
17,19
18,39
5/5/2022,454
7,32
8,21
9,51
10,88
11,102
12,60
16,15
17,53
18,32
5/6/2022,473
7,13
8,56
9,70
10,82
11,96
12,82
16,28
17,30
18,14
19,2
5/7/2022,557
7,14
8,100
9,83
10,99
11,97
12,84
13,2
16,22
17,17
18,37
19,2
5/8/2022,817
7,49
8,112
9,176
10,219
11,162
12,99
5/9/2022,401
7,20
8,53
9,54
10,56
11,70
12,36
16,18
17,41
18,53
5/10/2022,356
7,15
8,71
9,44
10,54
11,52
12,55
16,18
17,20
18,27
5/11/2022,315
7,16
8,36
9,32
10,38
11,54
12,62
16,32
17,24
18,21
5/12/2022,365
7,16
8,35
9,40
10,62
11,69
12,64
13,1
16,21
17,24
18,31
19,2
5/13/2022,366
7,26
8,43
9,51
10,59
11,60
12,41
13,2
16,22
17,33
18,29
5/14/2022,540
7,15
8,86
9,86
10,91
11,98
12,83
13,16
16,31
17,15
18,19
5/15/2022,826
7,47
8,141
9,177
10,193
11,183
12,83
13,2
5/16/2022,411
7,8
8,48
9,69
10,65
11,67
12,43
16,31
17,44
18,36
5/17/2022,335
7,3
8,60
9,47
10,67
11,48
12,46
16,17
17,21
18,26
5/18/2022,352
7,12
8,51
9,44
10,54
11,50
12,66
13,2
16,28
17,31
18,14
5/19/2022,356
7,13
8,47
9,33
10,52
11,92
12,43
13,6
16,18
17,31
18,21
5/20/2022,414
7,15
8,61
9,60
10,77
11,51
12,63
16,19
17,43
18,24
19,1
5/21/2022,525
7,21
8,114
9,103
10,72
11,75
12,86
13,1
16,14
17,20
18,19
5/22/2022,777
7,57
8,146
9,156
10,178
11,159
12,79
13,2
5/23/2022,352
7,14
8,55
9,19
10,40
11,78
12,57
16,26
17,30
18,33
5/24/2022,407
7,7
8,54
9,81
10,80
11,62
12,47
16,20
17,24
18,32
5/25/2022,524
7,3
8,49
9,67
10,92
11,80
12,72
16,32
17,50
18,69
19,10
5/26/2022,1081
7,45
8,180
9,249
10,234
11,266
12,103
13,4
5/27/2022,1122
7,71
8,179
9,178
10,196
11,189
12,164
16,33
17,33
18,78
19,1
5/28/2022,1194
7,58
8,212
9,265
10,256
11,153
12,105
13,2
16,36
17,47
18,54
19,6
5/29/2022,1483
7,115
8,304
9,396
10,317
11,245
12,106
5/30/2022,498
7,27
8,66
9,82
10,107
11,52
12,56
13,3
16,28
17,29
18,46
19,2
5/31/2022,380
7,11
8,61
9,46
10,56
11,91
12,47
16,27
17,26
18,15
6/1/2022,416
7,9
8,56
9,60
10,52
11,76
12,63
16,29
17,41
18,30
6/2/2022,356
7,17
8,54
9,36
10,40
11,93
12,55
13,0
16,15
17,28
18,18
6/3/2022,449
7,15
8,46
9,55
10,98
11,46
12,62
13,1
16,40
17,60
18,25
19,1
6/4/2022,700
7,31
8,150
9,89
10,116
11,92
12,87
13,7
16,54
17,28
18,44
19,2
6/5/2022,1178
7,60
8,219
9,322
10,241
11,213
12,123
6/6/2022,1057
7,51
8,212
9,291
10,216
11,203
12,84
6/7/2022,410
7,18
8,42
9,39
10,81
11,74
12,74
16,30
17,16
18,35
19,1
6/8/2022,341
7,6
8,36
9,59
10,65
11,63
12,48
16,27
17,20
18,17
6/9/2022,357
7,21
8,50
9,39
10,47
11,81
12,46
13,2
15,3
16,18
17,30
18,20
6/10/2022,356
7,14
8,52
9,43
10,57
11,51
12,70
13,8
16,19
17,24
18,18
6/11/2022,638
7,18
8,115
9,78
10,127
11,117
12,59
13,4
16,46
17,37
18,27
19,10
6/12/2022,776
7,19
8,119
9,180
10,175
11,185
12,98
6/13/2022,428
7,24
8,65
9,60
10,78
11,61
12,62
16,13
17,34
18,31
6/14/2022,400
7,16
8,67
9,44
10,45
11,84
12,54
13,1
16,18
17,30
18,41
6/15/2022,381
7,26
8,46
9,59
10,67
11,76
12,47
13,5
16,20
17,23
18,12
6/16/2022,362
7,9
8,51
9,30
10,69
11,76
12,54
13,14
16,7
17,33
18,19
6/17/2022,376
7,7
8,46
9,50
10,71
11,85
12,57
13,4
16,16
17,24
18,16
6/18/2022,659
7,19
8,157
9,160
10,124
11,76
12,55
13,2
16,13
17,42
18,11
6/19/2022,934
7,48
8,147
9,277
10,186
11,191
12,85
6/20/2022,402
7,19
8,77
9,36
10,65
11,73
12,64
13,12
16,16
17,22
18,16
19,2
6/21/2022,418
7,13
8,90
9,52
10,46
11,66
12,52
13,2
16,28
17,36
18,33
6/22/2022,332
7,16
8,47
9,46
10,50
11,52
12,61
13,1
16,14
17,29
18,15
19,1
6/23/2022,398
7,13
8,36
9,79
10,98
11,58
12,38
16,15
17,26
18,35
6/24/2022,452
7,31
8,57
9,58
10,55
11,100
12,70
13,3
16,18
17,38
18,16
19,6
6/25/2022,601
7,14
8,101
9,60
10,103
11,126
12,91
16,39
17,31
18,36
6/26/2022,832
7,64
8,126
9,138
10,231
11,176
12,93
13,4
6/27/2022,483
7,47
8,54
9,81
10,54
11,100
12,59
16,28
17,40
18,20
6/28/2022,386
7,7
8,44
9,59
10,62
11,66
12,69
16,30
17,13
18,36
6/29/2022,342
7,1
8,53
9,28
10,50
11,64
12,60
13,2
16,11
17,24
18,49
6/30/2022,439
8,51
9,80
10,62
11,80
12,55
13,8
16,19
17,66
18,18
7/1/2022,482
7,17
8,61
9,75
10,79
11,86
12,84
13,2
16,26
17,27
18,21
19,4
7/2/2022,609
7,14
8,50
9,129
10,126
11,119
12,60
13,4
16,44
17,35
18,28
7/3/2022,1015
7,25
8,158
9,214
10,236
11,265
12,117
7/4/2022,561
7,26
8,71
9,99
10,76
11,112
12,80
13,3
16,31
17,29
18,33
19,1
7/5/2022,512
7,7
8,76
9,90
10,88
11,77
12,57
13,2
16,23
17,60
18,31
19,1
7/6/2022,517
7,26
8,69
9,77
10,69
11,108
12,77
16,24
17,24
18,39
19,4
7/7/2022,580
7,25
8,74
9,57
10,125
11,118
12,77
16,42
17,43
18,19
7/8/2022,581
7,23
8,87
9,108
10,80
11,95
12,59
15,4
16,23
17,56
18,45
19,1
7/9/2022,876
7,30
8,129
9,218
10,179
11,134
12,81
13,7
16,23
17,49
18,26
7/10/2022,1195
7,81
8,264
9,287
10,207
11,241
12,115
7/11/2022,845
7,65
8,133
9,143
10,169
11,121
12,118
16,29
17,37
18,28
19,2
7/12/2022,725
7,37
8,118
9,139
10,105
11,118
12,101
13,13
16,25
17,33
18,34
19,2
7/13/2022,858
7,16
8,143
9,129
10,190
11,166
12,83
13,9
16,38
17,27
18,57
7/14/2022,1340
7,70
8,284
9,290
10,279
11,284
12,133
7/15/2022,1268
7,112
8,344
9,294
10,208
11,185
12,122
13,3
7/16/2022,1535
7,110
8,346
9,253
10,220
11,269
12,160
13,18
16,29
17,75
18,50
19,5
7/17/2022,1646
7,124
8,303
9,376
10,366
11,331
12,142
13,4
7/18/2022,1023
7,102
8,184
9,153
10,200
11,141
12,119
13,4
16,30
17,33
18,56
19,1
7/19/2022,827
7,41
8,151
9,152
10,126
11,115
12,104
13,2
16,38
17,48
18,44
19,6
7/20/2022,809
7,20
8,142
9,127
10,110
11,161
12,110
15,1
16,32
17,65
18,36
19,5
7/21/2022,863
7,45
8,182
9,124
10,104
11,151
12,98
13,11
16,29
17,54
18,59
19,6
7/22/2022,859
7,26
8,143
9,130
10,168
11,123
12,109
13,10
16,55
17,52
18,42
19,1
7/23/2022,1178
7,36
8,221
9,189
10,226
11,178
12,140
16,77
17,51
18,50
19,10
7/24/2022,1350
7,83
8,264
9,287
10,298
11,271
12,143
13,4
7/25/2022,1030
7,50
8,144
9,204
10,159
11,173
12,157
15,1
16,31
17,62
18,46
19,3
7/26/2022,857
7,25
8,129
9,127
10,108
11,164
12,135
13,5
16,37
17,61
18,44
19,22
7/27/2022,793
7,45
8,146
9,118
10,130
11,144
12,102
16,36
17,39
18,33
7/28/2022,921
7,51
8,118
9,108
10,192
11,153
12,130
16,44
17,66
18,59
7/29/2022,802
7,60
8,98
9,101
10,135
11,138
12,194
16,23
17,30
18,23
7/30/2022,1173
7,46
8,241
9,277
10,173
11,167
12,109
16,51
17,43
18,48
19,18
7/31/2022,1562
7,103
8,272
9,394
10,317
11,313
12,161
13,2
8/1/2022,1152
7,47
8,236
9,143
10,219
11,202
12,126
13,2
16,39
17,60
18,69
19,9
8/2/2022,997
7,61
8,163
9,127
10,218
11,183
12,104
16,44
17,29
18,68
8/3/2022,949
7,61
8,107
9,139
10,166
11,209
12,114
13,3
16,48
17,43
18,59
8/4/2022,999
7,55
8,179
9,127
10,204
11,139
12,134
15,4
16,48
17,44
18,64
19,1
8/5/2022,1030
7,49
8,220
9,231
10,127
11,154
12,118
13,1
16,34
17,50
18,46
8/6/2022,1236
7,66
8,236
9,193
10,204
11,243
12,149
13,1
16,41
17,49
18,54
8/7/2022,1571
7,89
8,423
9,399
10,264
11,260
12,129
13,7
8/8/2022,1458
7,94
8,267
9,239
10,322
11,219
12,190
13,5
15,1
16,26
17,39
18,52
19,4
8/9/2022,1094
7,55
8,243
9,161
10,191
11,161
12,137
13,1
16,65
17,31
18,43
19,6
8/10/2022,1172
7,97
8,194
9,184
10,216
11,217
12,128
13,16
16,27
17,55
18,36
19,2
8/11/2022,1231
7,44
8,280
9,290
10,184
11,183
12,126
13,3
16,30
17,54
18,37
8/12/2022,1255
7,121
8,209
9,224
10,195
11,178
12,152
13,4
15,2
16,40
17,66
18,56
19,8
8/13/2022,1360
7,88
8,300
9,238
10,263
11,203
12,125
16,36
17,58
18,41
19,8
8/14/2022,1970
7,90
8,427
9,447
10,341
11,379
12,276
13,10
8/15/2022,1463
7,95
8,269
9,322
10,354
11,228
12,193
13,2
8/16/2022,1069
7,41
8,158
9,114
10,163
11,287
12,121
13,14
16,60
17,69
18,40
19,2
8/17/2022,1020
7,39
8,141
9,219
10,180
11,178
12,115
15,2
16,48
17,53
18,42
19,3
8/18/2022,1250
7,93
8,196
9,246
10,228
11,213
12,132
16,61
17,55
18,26
8/19/2022,970
7,32
8,150
9,196
10,104
11,184
12,181
16,62
17,35
18,26
8/20/2022,1268
7,68
8,149
9,245
10,248
11,196
12,120
13,1
16,59
17,76
18,80
19,26
8/21/2022,1554
7,50
8,260
9,343
10,316
11,377
12,203
13,5
8/22/2022,1009
7,55
8,195
9,120
10,140
11,232
12,127
13,4
16,49
17,39
18,48
8/23/2022,805
7,23
8,125
9,124
10,136
11,137
12,98
13,1
16,68
17,53
18,37
19,3
8/24/2022,819
7,17
8,121
9,152
10,138
11,156
12,80
13,13
15,1
16,24
17,67
18,50
8/25/2022,714
7,21
8,98
9,101
10,137
11,160
12,108
16,27
17,26
18,33
19,3
8/26/2022,652
7,67
8,77
9,134
10,87
11,125
12,76
15,1
16,17
17,31
18,33
19,4
8/27/2022,780
7,38
8,123
9,151
10,161
11,141
12,62
16,51
17,29
18,22
19,2
8/28/2022,1108
7,49
8,225
9,211
10,240
11,266
12,117
8/29/2022,587
7,22
8,118
9,90
10,109
11,97
12,71
16,35
17,22
18,23
8/30/2022,586
7,33
8,101
9,69
10,95
11,119
12,88
16,18
17,34
18,29
8/31/2022,417
7,10
8,84
9,59
10,72
11,112
12,80
9/2/2022,445
7,20
8,52
9,81
10,55
11,80
12,49
15,5
16,49
17,43
18,9
19,2
9/3/2022,605
7,16
8,87
9,67
10,130
11,157
12,73
13,3
16,15
17,36
18,21
9/4/2022,751
7,41
8,124
9,157
10,174
11,145
12,108
13,2
9/5/2022,490
7,31
8,89
9,52
10,101
11,72
12,59
16,11
17,59
18,16
9/6/2022,359
7,21
8,31
9,42
10,70
11,96
12,43
16,25
17,17
18,14
9/7/2022,375
7,6
8,51
9,38
10,45
11,94
12,56
13,3
16,17
17,32
18,33
9/8/2022,373
7,13
8,42
9,50
10,68
11,69
12,41
16,23
17,34
18,33
9/9/2022,432
7,36
8,87
9,21
10,68
11,66
12,53
16,45
17,36
18,20
9/10/2022,582
7,28
8,74
9,121
10,152
11,81
12,107
16,19
9/11/2022,907
7,55
8,226
9,187
10,196
11,156
12,87
9/12/2022,431
7,35
8,55
9,54
10,70
11,69
12,44
16,36
17,31
18,37
9/13/2022,325
7,1
8,41
9,64
10,74
11,42
12,48
16,18
17,21
18,16
9/14/2022,356
7,22
8,49
9,57
10,66
11,58
12,51
16,15
17,19
18,19
9/15/2022,380
7,29
8,43
9,48
10,51
11,50
12,51
13,6
16,18
17,45
18,39
9/16/2022,410
7,15
8,51
9,52
10,53
11,94
12,36
16,37
17,34
18,35
19,3
9/17/2022,589
7,41
8,71
9,73
10,95
11,121
12,102
16,18
17,44
18,24
9/18/2022,765
7,39
8,132
9,174
10,179
11,172
12,69
9/20/2022,372
7,7
8,47
9,63
10,64
11,52
12,59
16,42
17,26
18,12
9/21/2022,306
7,15
8,35
9,36
10,54
11,59
12,44
16,15
17,14
18,34
9/22/2022,357
7,6
8,63
9,46
10,62
11,52
12,63
16,21
17,9
18,35
9/23/2022,409
7,39
8,65
9,27
10,61
11,67
12,47
16,38
17,31
18,34
9/24/2022,534
7,20
8,56
9,81
10,93
11,103
12,102
13,1
16,15
17,34
18,29
9/25/2022,770
7,41
8,90
9,146
10,219
11,199
12,75
9/26/2022,399
8,58
9,50
10,81
11,85
12,53
16,20
17,33
18,19
9/27/2022,423
7,34
8,60
9,44
10,72
11,69
12,54
16,22
17,33
18,35
9/28/2022,357
7,10
8,37
9,33
10,90
11,70
12,67
16,13
17,17
18,20
9/29/2022,428
7,14
8,74
9,61
10,50
11,94
12,42
16,26
17,27
18,40
9/30/2022,503
7,35
8,54
9,55
10,96
11,68
12,74
15,10
16,51
17,23
18,37
Grand Total,359988
